-- phpMyAdmin SQL Dump
-- version 5.2.1
-- https://www.phpmyadmin.net/
--
-- Host: 127.0.0.1
-- Generation Time: Dec 11, 2024 at 09:08 PM
-- Server version: 10.4.32-MariaDB
-- PHP Version: 8.2.12

SET SQL_MODE = "NO_AUTO_VALUE_ON_ZERO";
START TRANSACTION;
SET time_zone = "+00:00";


/*!40101 SET @OLD_CHARACTER_SET_CLIENT=@@CHARACTER_SET_CLIENT */;
/*!40101 SET @OLD_CHARACTER_SET_RESULTS=@@CHARACTER_SET_RESULTS */;
/*!40101 SET @OLD_COLLATION_CONNECTION=@@COLLATION_CONNECTION */;
/*!40101 SET NAMES utf8mb4 */;

--
-- Database: `apsystem`
--

-- --------------------------------------------------------

--
-- Table structure for table `admin`
--

CREATE TABLE `admin` (
  `id` int(11) NOT NULL,
  `username` varchar(30) NOT NULL,
  `password` varchar(60) NOT NULL,
  `firstname` varchar(50) NOT NULL,
  `lastname` varchar(50) NOT NULL,
  `photo` varchar(200) NOT NULL,
  `created_on` date NOT NULL
) ENGINE=InnoDB DEFAULT CHARSET=latin1 COLLATE=latin1_swedish_ci;

--
-- Dumping data for table `admin`
--

INSERT INTO `admin` (`id`, `username`, `password`, `firstname`, `lastname`, `photo`, `created_on`) VALUES
(1, 'nurhodelta', '$2y$10$fCOiMky4n5hCJx3cpsG20Od4wHtlkCLKmO6VLobJNRIg9ooHTkgjK', 'Neovic', 'Devierte', 'facebook-profile-image.jpeg', '2018-04-30');

-- --------------------------------------------------------

--
-- Table structure for table `attendance`
--

CREATE TABLE `attendance` (
  `id` int(11) NOT NULL,
  `employee_id` int(11) NOT NULL,
  `date` date NOT NULL,
  `time_in` time NOT NULL,
  `status` int(1) NOT NULL,
  `time_out` time NOT NULL,
  `num_hr` double NOT NULL
) ENGINE=InnoDB DEFAULT CHARSET=latin1 COLLATE=latin1_swedish_ci;

--
-- Dumping data for table `attendance`
--

INSERT INTO `attendance` (`id`, `employee_id`, `date`, `time_in`, `status`, `time_out`, `num_hr`) VALUES
(13, 1, '2018-04-27', '08:00:00', 1, '17:00:00', 8),
(14, 1, '2018-04-28', '08:00:00', 1, '17:00:00', 8),
(15, 1, '2018-05-04', '08:00:00', 1, '17:00:00', 8),
(16, 1, '2018-05-02', '08:00:00', 1, '17:00:00', 8),
(17, 1, '2018-05-01', '08:00:00', 1, '17:00:00', 8),
(18, 1, '2018-05-03', '08:00:00', 1, '17:00:00', 8),
(74, 1, '2018-04-30', '08:00:00', 1, '16:44:23', 7.7333333333333),
(75, 3, '2018-04-18', '08:00:00', 1, '17:00:00', 8),
(76, 4, '2018-04-19', '08:00:00', 1, '17:00:00', 8),
(77, 4, '2018-04-27', '08:00:00', 1, '17:00:00', 7),
(78, 4, '2018-04-28', '08:00:00', 1, '17:00:00', 8),
(79, 4, '2018-05-01', '08:30:00', 1, '17:00:00', 8),
(80, 4, '2018-05-03', '08:00:00', 1, '17:00:00', 0),
(81, 4, '2018-05-05', '08:00:00', 1, '17:00:00', 9),
(83, 4, '2018-05-31', '08:00:00', 1, '18:00:00', 8),
(84, 4, '2018-05-18', '08:00:00', 1, '17:00:00', 7),
(85, 4, '2018-05-09', '09:00:00', 1, '18:00:00', 8),
(133, 43, '2024-12-08', '04:25:34', 1, '04:27:28', 2.5333333333333),
(134, 45, '2024-12-08', '04:34:28', 1, '04:35:49', 2.4),
(136, 44, '2024-12-09', '23:19:50', 0, '00:00:00', 0);

-- --------------------------------------------------------

--
-- Table structure for table `cashadvance`
--

CREATE TABLE `cashadvance` (
  `id` int(11) NOT NULL,
  `date_advance` date NOT NULL,
  `employee_id` varchar(15) NOT NULL,
  `amount` double NOT NULL
) ENGINE=InnoDB DEFAULT CHARSET=latin1 COLLATE=latin1_swedish_ci;

--
-- Dumping data for table `cashadvance`
--

INSERT INTO `cashadvance` (`id`, `date_advance`, `employee_id`, `amount`) VALUES
(2, '2018-05-02', '1', 1000),
(3, '2018-05-02', '1', 1000);

-- --------------------------------------------------------

--
-- Table structure for table `deductions`
--

CREATE TABLE `deductions` (
  `id` int(11) NOT NULL,
  `description` varchar(100) NOT NULL,
  `amount` double NOT NULL
) ENGINE=InnoDB DEFAULT CHARSET=latin1 COLLATE=latin1_swedish_ci;

--
-- Dumping data for table `deductions`
--

INSERT INTO `deductions` (`id`, `description`, `amount`) VALUES
(1, 'SSS', 100),
(2, 'Pagibig', 150),
(3, 'PhilHealth', 150);

-- --------------------------------------------------------

--
-- Table structure for table `employees`
--

CREATE TABLE `employees` (
  `id` int(11) NOT NULL,
  `employee_id` varchar(15) NOT NULL,
  `firstname` varchar(50) NOT NULL,
  `lastname` varchar(50) NOT NULL,
  `address` text NOT NULL,
  `birthdate` date NOT NULL,
  `contact_info` varchar(100) NOT NULL,
  `gender` varchar(10) NOT NULL,
  `position_id` int(11) NOT NULL,
  `schedule_id` int(11) NOT NULL,
  `photo` varchar(200) NOT NULL,
  `created_on` date NOT NULL,
  `email` varchar(255) NOT NULL,
  `password` varchar(255) NOT NULL,
  `password_changed` tinyint(1) DEFAULT 0
) ENGINE=InnoDB DEFAULT CHARSET=latin1 COLLATE=latin1_swedish_ci;

--
-- Dumping data for table `employees`
--

INSERT INTO `employees` (`id`, `employee_id`, `firstname`, `lastname`, `address`, `birthdate`, `contact_info`, `gender`, `position_id`, `schedule_id`, `photo`, `created_on`, `email`, `password`, `password_changed`) VALUES
(1, 'ABC123456789', 'Neovic', 'Devierte', 'Brgy. Mambulac, Silay City', '2018-04-02', '09092735719', 'Male', 1, 2, 'desktop.jpg', '2018-04-28', '', 'was1', 1),
(3, 'DYE473869250', 'Julyn', 'Divinagracia', 'E.B. Magalona', '1992-05-02', '09123456789', 'Female', 2, 2, '', '2018-04-30', '', 'was1', 1),
(4, 'JIE625973480', 'Gemalyn', 'Cepe', 'Carmen, Bohol', '1995-10-02', '09468029840', 'Female', 2, 3, '', '2018-04-30', '', 'was1', 1),
(42, 'HCR315947208', 'oks1', 'nah1', 'daw', '2024-12-24', '012312312312321', 'Male', 1, 1, 'employeeImageLogin.jpg', '2024-12-08', 'oksnah1@gmail.com', 'qwert', 0),
(43, 'KAR047835261', 'oks2', 'nah2', 'daw', '2024-12-24', '012312312312321', 'Male', 1, 1, 'employeeImageLogin.jpg', '2024-12-08', 'oksnah2@gmail.com', 'qwertyu', 1),
(44, 'OZQ379520164', 'oks3', 'nah3', 'daw', '2024-12-24', '012312312312321', 'Male', 1, 1, 'employeeImageLogin.jpg', '2024-12-08', 'oksnah3@gmail.com', '143', 1),
(45, 'INH879460321', 'oks4', 'nah4', 'daw', '2024-12-24', '012312312312321', 'Male', 1, 1, 'employeeImageLogin.jpg', '2024-12-08', 'oksnah4@gmail.com', '143', 1),
(46, 'SVJ580721694', 'oks5', 'nah5', 'daw', '2024-12-24', '012312312312321', 'Male', 1, 1, 'employeeImageLogin.jpg', '2024-12-08', 'oksnah5@gmail.com', '1432', 1),
(47, 'BEP163570298', 'present', 'tation1', 'daw', '2024-12-24', '012312312312321', 'Male', 1, 1, 'employeeImageLogin.jpg', '2024-12-09', 'presentation1@gmail.com', 'password', 1);

-- --------------------------------------------------------

--
-- Table structure for table `employeeusers`
--

CREATE TABLE `employeeusers` (
  `id` int(11) NOT NULL,
  `username` varchar(50) NOT NULL,
  `password` varchar(255) NOT NULL,
  `email` varchar(100) DEFAULT NULL,
  `first_name` varchar(50) DEFAULT NULL,
  `last_name` varchar(50) DEFAULT NULL,
  `created_at` timestamp NOT NULL DEFAULT current_timestamp()
) ENGINE=InnoDB DEFAULT CHARSET=utf8mb4 COLLATE=utf8mb4_general_ci;

--
-- Dumping data for table `employeeusers`
--

INSERT INTO `employeeusers` (`id`, `username`, `password`, `email`, `first_name`, `last_name`, `created_at`) VALUES
(1, 'InnocentClay', '$2y$10$OL5gcxQVgVNxuZsituvuD.scn2YFey3ZIJEV1D.0rzlhIPCm.zVLu', 'InnoC@gmail.com', 'Innocent', 'Clay', '2024-12-05 23:44:53');

-- --------------------------------------------------------

--
-- Table structure for table `overtime`
--

CREATE TABLE `overtime` (
  `id` int(11) NOT NULL,
  `employee_id` varchar(15) NOT NULL,
  `hours` double NOT NULL,
  `rate` double NOT NULL,
  `date_overtime` date NOT NULL
) ENGINE=InnoDB DEFAULT CHARSET=latin1 COLLATE=latin1_swedish_ci;

-- --------------------------------------------------------

--
-- Table structure for table `position`
--

CREATE TABLE `position` (
  `id` int(11) NOT NULL,
  `description` varchar(150) NOT NULL,
  `rate` double NOT NULL
) ENGINE=InnoDB DEFAULT CHARSET=latin1 COLLATE=latin1_swedish_ci;

--
-- Dumping data for table `position`
--

INSERT INTO `position` (`id`, `description`, `rate`) VALUES
(1, 'Programmer', 100),
(2, 'Writer', 50);

-- --------------------------------------------------------

--
-- Table structure for table `schedules`
--

CREATE TABLE `schedules` (
  `id` int(11) NOT NULL,
  `time_in` time NOT NULL,
  `time_out` time NOT NULL
) ENGINE=InnoDB DEFAULT CHARSET=latin1 COLLATE=latin1_swedish_ci;

--
-- Dumping data for table `schedules`
--

INSERT INTO `schedules` (`id`, `time_in`, `time_out`) VALUES
(1, '07:00:00', '16:00:00'),
(2, '08:00:00', '17:00:00'),
(3, '09:00:00', '18:00:00'),
(4, '10:00:00', '19:00:00');

--
-- Indexes for dumped tables
--

--
-- Indexes for table `admin`
--
ALTER TABLE `admin`
  ADD PRIMARY KEY (`id`);

--
-- Indexes for table `attendance`
--
ALTER TABLE `attendance`
  ADD PRIMARY KEY (`id`),
  ADD KEY `fk_employee_id` (`employee_id`);

--
-- Indexes for table `cashadvance`
--
ALTER TABLE `cashadvance`
  ADD PRIMARY KEY (`id`);

--
-- Indexes for table `deductions`
--
ALTER TABLE `deductions`
  ADD PRIMARY KEY (`id`);

--
-- Indexes for table `employees`
--
ALTER TABLE `employees`
  ADD PRIMARY KEY (`id`);

--
-- Indexes for table `employeeusers`
--
ALTER TABLE `employeeusers`
  ADD PRIMARY KEY (`id`),
  ADD UNIQUE KEY `username` (`username`);

--
-- Indexes for table `overtime`
--
ALTER TABLE `overtime`
  ADD PRIMARY KEY (`id`);

--
-- Indexes for table `position`
--
ALTER TABLE `position`
  ADD PRIMARY KEY (`id`);

--
-- Indexes for table `schedules`
--
ALTER TABLE `schedules`
  ADD PRIMARY KEY (`id`);

--
-- AUTO_INCREMENT for dumped tables
--

--
-- AUTO_INCREMENT for table `admin`
--
ALTER TABLE `admin`
  MODIFY `id` int(11) NOT NULL AUTO_INCREMENT, AUTO_INCREMENT=2;

--
-- AUTO_INCREMENT for table `attendance`
--
ALTER TABLE `attendance`
  MODIFY `id` int(11) NOT NULL AUTO_INCREMENT, AUTO_INCREMENT=137;

--
-- AUTO_INCREMENT for table `cashadvance`
--
ALTER TABLE `cashadvance`
  MODIFY `id` int(11) NOT NULL AUTO_INCREMENT, AUTO_INCREMENT=4;

--
-- AUTO_INCREMENT for table `deductions`
--
ALTER TABLE `deductions`
  MODIFY `id` int(11) NOT NULL AUTO_INCREMENT, AUTO_INCREMENT=5;

--
-- AUTO_INCREMENT for table `employees`
--
ALTER TABLE `employees`
  MODIFY `id` int(11) NOT NULL AUTO_INCREMENT, AUTO_INCREMENT=48;

--
-- AUTO_INCREMENT for table `employeeusers`
--
ALTER TABLE `employeeusers`
  MODIFY `id` int(11) NOT NULL AUTO_INCREMENT, AUTO_INCREMENT=2;

--
-- AUTO_INCREMENT for table `overtime`
--
ALTER TABLE `overtime`
  MODIFY `id` int(11) NOT NULL AUTO_INCREMENT, AUTO_INCREMENT=4;

--
-- AUTO_INCREMENT for table `position`
--
ALTER TABLE `position`
  MODIFY `id` int(11) NOT NULL AUTO_INCREMENT, AUTO_INCREMENT=3;

--
-- AUTO_INCREMENT for table `schedules`
--
ALTER TABLE `schedules`
  MODIFY `id` int(11) NOT NULL AUTO_INCREMENT, AUTO_INCREMENT=5;

--
-- Constraints for dumped tables
--

--
-- Constraints for table `attendance`
--
ALTER TABLE `attendance`
  ADD CONSTRAINT `fk_employee_id` FOREIGN KEY (`employee_id`) REFERENCES `employees` (`id`);
COMMIT;

/*!40101 SET CHARACTER_SET_CLIENT=@OLD_CHARACTER_SET_CLIENT */;
/*!40101 SET CHARACTER_SET_RESULTS=@OLD_CHARACTER_SET_RESULTS */;
/*!40101 SET COLLATION_CONNECTION=@OLD_COLLATION_CONNECTION */;
